Role,Level,Skills,Next_Step,Projects

Java Developer,Beginner,"Java Basics, JDK Setup, JVM Architecture, Datatypes, Variables, Type Casting, Operators, Control Statements, Loops, Arrays, Strings, Methods, OOP Concepts, Constructors, Access Modifiers, Static Keyword, Exception Handling, Collections Framework, Wrapper Classes, File Handling, Debugging, IDE Usage","Build Mini Projects + Learn Spring Boot","Calculator App, Student Management System, Bank System (OOP), File Handling Project, Number Guessing Game, Library Management System"
Java Developer,Intermediate,"Spring Boot, REST API, MySQL, MVC Architecture, Layered Architecture, Dependency Injection, Hibernate, JPA, CRUD Operations, Exception Handling, Validation, Logging, Postman API Testing, Git, Maven, JSON Handling, DTO Mapping, Service Layer, Repository Layer, Application Properties, Profiles","Build Backend Projects + Deploy APIs","Employee Management System (CRUD API), E-commerce Backend (Products, Orders, Users), Banking System API (Transactions, Balance), Student Course Registration System, Hospital Management System (Patients, Doctors, Appointments), Authentication System (JWT Login/Register), Blog API (Posts, Comments, Likes), Inventory Management System, Task Management API (To-Do with Status), Food Delivery Backend (Orders, Restaurants)"
Java Developer,Advanced,"Microservices Architecture, Spring Boot Advanced, Spring Cloud, API Gateway, Eureka Service Discovery, Load Balancing, Resilience4j Circuit Breaker, Distributed Systems, Docker, Docker Compose, Kubernetes Basics, AWS EC2, AWS S3, AWS RDS, IAM, CI/CD, GitHub Actions, Jenkins, Kafka, RabbitMQ, Redis Caching, JWT Security, OAuth2, Spring Security, ELK Stack Logging, Prometheus Monitoring, Grafana, Swagger OpenAPI, Rate Limiting, API Versioning, Database Optimization, Indexing, Query Tuning, MongoDB, System Design, High Availability, Scalability, Fault Tolerance, Clean Architecture, Design Patterns, Code Optimization, JUnit, Mockito, Integration Testing","Apply for Jobs + Build Scalable Production Projects + Deploy on Cloud","E-Commerce Microservices System,Banking System (Distributed Microservices),Online Food Delivery System (Swiggy/Zomato Clone)"

Python Developer,Beginner,"Python Basics, Installation and Setup, IDE Usage (VS Code, PyCharm), Variables and Data Types, Type Casting, Operators, Conditional Statements (if-else), Loops (for, while), Functions, Arguments and Return Values, Lists, Tuples, Sets, Dictionaries, String Manipulation, Input and Output Handling, File Handling (read/write), Exception Handling (try-except), Modules and Packages, Virtual Environments (venv), Basic Debugging Techniques, Code Readability (PEP8), Basic Problem Solving, Working with JSON, Basic CLI Programs","Build Mini Projects + Learn Flask + Practice Problem Solving","Student Management System, Bank System (CLI), To-Do List App, Password Generator, Blog App (Flask), Login & Register System, Notes App, Expense Tracker, CSV/JSON Data Analyzer, REST API (Flask), URL Shortener (Basic), Quiz Game, Number Guessing Game"
Python Developer,Intermediate,"Flask Framework, REST API Development, API Design Best Practices, Routing and Blueprints, Jinja2 Templates, Request and Response Handling, Form Handling and Validation, Authentication (JWT, Sessions), Flask Extensions (Flask-Login, Flask-WTF), Database Integration (SQLite, MySQL), ORM (SQLAlchemy), CRUD Operations, MVC Architecture, Error Handling and Logging, Environment Variables, Working with APIs (requests), JSON Handling, Pandas (Data Cleaning, Transformation, Analysis), NumPy Basics, Data Visualization (Matplotlib, Seaborn), File Handling (CSV, Excel), Web Scraping (BeautifulSoup, Requests), Automation Scripts, Git and GitHub, Virtual Environments, Debugging Techniques, Unit Testing (pytest), Basic Docker Usage, Deployment Basics (Render/Heroku), Performance Optimization Basics","Build Real-World Projects + APIs + Start ML Projects + Deploy Applications | Python Installation Video: https://www.youtube.com/watch?v=rfscVS0vtbw"
Python Developer,Advanced,"Machine Learning (Supervised, Unsupervised, Reinforcement Learning), Deep Learning (ANN, CNN, RNN, LSTM), NLP (Text Processing, Tokenization, Transformers, BERT), Model Evaluation (Accuracy, Precision, Recall, F1 Score), Feature Engineering, Data Preprocessing, Model Optimization (Hyperparameter Tuning, GridSearchCV), Deployment (Flask, FastAPI, Streamlit), MLOps Basics, Docker, CI/CD, Cloud Deployment (AWS, GCP), Model Monitoring, Scikit-learn, TensorFlow, PyTorch, Pandas, NumPy","Apply for Jobs + Build Scalable AI Projects + Deploy on Cloud"

Frontend Developer,Beginner,"HTML5 (Semantic Tags, Forms, Tables, SEO Basics), CSS3 (Selectors, Box Model, Flexbox, Grid, Positioning, Media Queries, Responsive Design), JavaScript Basics (Variables, Datatypes, Operators, Functions, Events, DOM Manipulation, Loops, Arrays, Objects), Browser Basics (DOM, BOM, DevTools), Version Control (Git Basics), UI Basics (Layouts, Colors, Typography), Debugging Basics, Basic Accessibility (ARIA), Cross Browser Compatibility","Learn React + Build Responsive Websites + Practice Mini Projects"
Frontend Developer,Intermediate,"React Core (Components, Props, State, Lifecycle, Hooks - useState, useEffect, useRef, useContext), Advanced Hooks (Custom Hooks), Routing (React Router), State Management (Context API, Redux Toolkit), API Integration (Axios, Fetch, Async/Await, Error Handling), Form Handling (Formik / React Hook Form), Validation (Yup), Performance Optimization (Memoization, useMemo, useCallback), Component Reusability, Code Splitting, Lazy Loading, Environment Variables, Git Advanced (Branching, Merging, Pull Requests), Package Management (npm/yarn), UI Libraries (Material UI, Tailwind CSS, Bootstrap), Responsive Design, Authentication (JWT Handling), Protected Routes, Local Storage & Session Storage, Debugging with React DevTools, Basic Testing (Jest, React Testing Library), Deployment (Netlify, Vercel, GitHub Pages)","Build Full Stack Projects + Create Production-Ready Portfolio"
Frontend Developer,Advanced,"Next.js (SSR, SSG, ISR, App Router), Advanced Performance Optimization (Code Splitting, Lazy Loading, Tree Shaking, Bundle Analysis), Web Vitals Optimization (LCP, CLS, FID), SEO Optimization (Meta Tags, Structured Data, Server Rendering), Advanced State Management (Redux Toolkit, Zustand, Recoil), Architecture Patterns (Atomic Design, Feature-Based Structure), Micro Frontends, TypeScript Advanced (Generics, Utility Types), Authentication & Authorization (JWT, OAuth, Role-Based Access), Security (XSS, CSRF, CORS, Content Security Policy), API Layer Design (GraphQL, Apollo Client, React Query, SWR), Advanced Styling (Tailwind Advanced, CSS Modules, Styled Components), Animations (Framer Motion), Accessibility (ARIA, WCAG), Testing (Jest, React Testing Library, Cypress, E2E Testing), Error Boundaries & Logging, Progressive Web Apps (PWA), WebSockets & Real-time Apps, Internationalization (i18n), CI/CD (GitHub Actions), Docker Basics (Frontend Deployment), Cloud Deployment (Vercel, AWS, Firebase Hosting), Monitoring (Sentry), System Design Basics for Frontend, Scalability & Maintainability","Build Scalable Production Apps + Contribute to Open Source + Crack Product-Based Companies"

Backend Developer,Beginner,"Node.js Basics, Node Runtime, Event Loop, Non-Blocking I/O, NPM & Package Management, Express.js Setup, Routing, Middleware Concepts, Request & Response Handling, REST API Fundamentals, HTTP Methods (GET, POST, PUT, DELETE), Status Codes, JSON Handling, Environment Variables (.env), Basic Error Handling, Debugging Basics, MVC Structure Intro, File Handling (fs module), Nodemon Usage, API Testing (Postman), CORS Basics, Async Programming (Callbacks, Promises, Async/Await), Basic Security (Helmet, Rate Limiting Intro), Logging Basics, Git Basics","Learn Database Integration + Build APIs","Notes API (CRUD), User Management API, Product API, File Upload API, Simple Auth API (Login/Register), Blog API (Basic), Task Manager API, JSON File Storage Project, CLI-Based API Simulator"
Backend Developer,Intermediate,"Advanced Express.js, Modular Architecture, MVC Pattern, Layered Architecture (Controller-Service-Repository), MongoDB Fundamentals, Collections & Documents, CRUD Operations (MongoDB), Mongoose ODM, Schema Design, Relationships (Embedding vs Referencing), Indexing Basics, Authentication (JWT, Sessions), Authorization (Role-Based Access), Password Hashing (bcrypt), Middleware Advanced Usage, API Validation (Joi / express-validator), Pagination & Filtering, Sorting, Error Handling Middleware, Logging (Winston/Morgan), API Security (CORS, Helmet, Rate Limiting), File Uploads (Multer, Cloudinary), REST API Best Practices, Environment Config (dotenv), API Documentation (Swagger), Testing Basics (Jest), Caching Basics (Redis Intro), Background Jobs (Bull Queue Intro), Email Service Integration, Third-Party API Integration, Git Advanced (Branching, PR), Docker Basics, Deployment (Render/Heroku/VPS)","Build Full Stack + Scalable APIs","E-commerce Backend (Users, Products, Orders, Cart), Blog System (Auth + Comments + Likes), JWT Auth System (Access & Refresh Tokens), File Upload Service (Cloudinary Integration), Task Management System (Filters + Status + Pagination), Chat Backend (Socket.io), Notification Service (Email/SMS), URL Shortener API, Payment Integration (Mock Stripe), Dockerized Backend App"
Backend Developer,Advanced,"Microservices Architecture, Monolith vs Microservices, Service Decomposition, API Gateway Pattern, Service Communication (REST, gRPC), Event-Driven Architecture, Message Brokers (Kafka, RabbitMQ), Asynchronous Processing, Distributed Systems Concepts, CAP Theorem, Consistency Models, Circuit Breaker (Resilience Patterns), Load Balancing, Service Discovery, Docker Advanced, Docker Compose, Kubernetes Basics (Pods, Services, Deployments), Cloud Deployment (AWS EC2, S3, RDS, IAM), CI/CD Pipelines (GitHub Actions, Jenkins), Infrastructure as Code Basics, Advanced Security (OAuth2, JWT Advanced, API Security Best Practices), Rate Limiting Strategies, API Versioning, Caching Strategies (Redis Advanced), Database Scaling (Sharding, Replication), SQL vs NoSQL Optimization, Query Performance Tuning, Indexing Advanced, Logging & Monitoring (ELK Stack), Observability (Prometheus, Grafana), Distributed Tracing, High Availability Design, Fault Tolerance, System Design Principles, Clean Architecture, Design Patterns (Factory, Singleton, Strategy), Code Optimization, Testing (Unit, Integration, E2E), Contract Testing, Chaos Engineering Basics","Apply for Jobs + Build Production Systems","Microservices E-commerce System (API Gateway + Services), Distributed Banking System (Transactions + Events), Real-time Chat System (WebSockets + Scaling), Event-driven Order Processing System (Kafka), SaaS Multi-tenant Backend, High-scale URL Shortener (Redis + DB), Real-time Analytics Backend, CI/CD Pipeline Project (Auto Deploy), Kubernetes Deployment Project, API Gateway + Service Discovery System"

Data Analyst,Beginner,"Excel (Formulas, Pivot Tables, VLOOKUP, XLOOKUP), SQL Basics (SELECT, WHERE, JOIN), Python Basics, Data Cleaning, Data Types, Basic Statistics, Data Interpretation, CSV/Excel Handling, Problem Solving","Learn Pandas + Visualization"
Data Analyst,Intermediate,"Pandas (Data Cleaning, GroupBy, Merge), Data Visualization (Matplotlib, Seaborn), Power BI/Tableau, SQL Advanced (Window Functions, CTE), EDA (Exploratory Data Analysis), Dashboard Design, Business Insights, KPI Metrics, Reporting","Build Interactive Dashboards"
Data Analyst,Advanced,"Advanced Statistics, Predictive Analytics, Machine Learning Basics, A/B Testing, Data Modeling, Time Series Analysis, Big Data Basics (Spark), Data Warehousing, ETL Pipelines, Storytelling with Data, Business Strategy","Apply for Data Analyst / Senior Roles"

AI Engineer,Beginner,"Python Programming (Data Types, Loops, Functions, OOP Basics), Math Essentials (Linear Algebra, Probability, Statistics, Matrices), Data Preprocessing (Missing Values, Normalization, Scaling), NumPy (Arrays, Matrix Operations, Broadcasting), Pandas (Series, DataFrame, Filtering, GroupBy, Merging), Data Visualization (Matplotlib, Seaborn, Plotly Basics), Exploratory Data Analysis (EDA), Basics of Machine Learning (Supervised, Unsupervised), Feature Engineering (Encoding, Scaling, Feature Selection), File Handling (CSV, Excel), JSON Handling, Working with APIs, Basic CLI Programs, Virtual Environments, Debugging & Logging, Version Control (Git)","Learn Machine Learning + Solve Real Problems","Titanic Survival Prediction (ML), Iris Classification, House Price Prediction, Customer Segmentation (Clustering), Spam Detection (Text Classification), Basic Stock Trend Prediction, Weather Data Analysis, Loan Eligibility Prediction, Simple Chatbot (Rule-Based), Mini NLP Sentiment Analysis"
AI Engineer,Intermediate,"Supervised Learning (Linear Regression, Logistic Regression, Decision Trees, Random Forest, XGBoost), Unsupervised Learning (K-Means, Hierarchical, PCA), Model Evaluation Metrics (Accuracy, Precision, Recall, F1-Score, ROC-AUC), Deep Learning Basics (Artificial Neural Networks - ANN), Convolutional Neural Networks (CNN) for Images, Recurrent Neural Networks (RNN, LSTM) for Sequential Data, Natural Language Processing (Tokenization, Bag-of-Words, TF-IDF), Feature Engineering Advanced (Polynomial Features, Interaction Terms, Dimensionality Reduction), Hyperparameter Tuning (GridSearchCV, RandomizedSearchCV), Data Augmentation, Pipeline Automation, Model Serialization (Pickle, Joblib), TensorFlow/PyTorch Basics, Keras API, Cross-Validation Techniques, Deployment Basics (Flask APIs, Streamlit Dashboards), Git & Version Control, Unit Testing for ML","Build AI Projects + Intermediate Models + Deployment","E-commerce Product Recommendation System, Customer Churn Prediction, Stock Price Predictor (LSTM), MNIST Digit Recognition (CNN), Sentiment Analysis (Movie Reviews), Spam Email Classifier, Handwritten Digit OCR, Fake News Detection, Employee Attrition Prediction, Image Classification App (Cats vs Dogs), Movie Rating Prediction (Regression), Mini Chatbot (NLP + ML), Sales Forecasting Dashboard"
AI Engineer,Advanced,"Advanced Deep Learning Architectures (CNN, RNN, LSTM, GRU, GANs, Transformers), NLP Advanced (Word Embeddings, Transformers, BERT, GPT, Text Summarization, NER), Computer Vision (Object Detection, Image Segmentation, YOLO, OpenCV), Reinforcement Learning Basics, Hyperparameter Optimization (Bayesian Optimization, Hyperopt), Model Deployment & APIs (Flask, FastAPI, Streamlit), MLOps Concepts (CI/CD for ML, Model Versioning, Automated Testing), Docker & Kubernetes for ML Pipelines, Cloud Deployment (AWS Sagemaker, GCP AI Platform, Azure ML), Model Monitoring & Logging, Model Optimization (Pruning, Quantization), Scalable AI Systems, Data Pipelines & ETL for ML, Explainable AI (SHAP, LIME), Distributed Training, Multi-GPU Training, Time Series Advanced Techniques, Ensemble Learning, Transfer Learning, API Security & Authentication, Experiment Tracking (MLflow, Weights & Biases)","Apply for AI Engineer Roles + Build Production-Ready AI Systems","End-to-End ML Pipeline (Data → Model → Deployment → Monitoring), Transformer-based Text Summarization API, Chatbot using BERT/GPT, Real-Time Object Detection System, GAN Image Generation Project, AI-powered Recommendation Engine, Credit Card Fraud Detection System, Real-Time Face Recognition App, Time Series Forecasting Platform (Multi-step Prediction), Multi-class Image Classification with Transfer Learning, MLOps CI/CD Pipeline Project (Docker + Cloud Deployment), AI SaaS App, Speech Recognition API (Audio → Text), NLP Sentiment Analysis Dashboard, Autonomous Agent Simulation (Reinforcement Learning)"

Full Stack Developer,Beginner,"HTML5 (Semantic Tags, Forms, Tables, SEO Basics), CSS3 (Selectors, Box Model, Flexbox, Grid, Positioning, Media Queries, Responsive Design, Animations), JavaScript Basics (Variables, Datatypes, Operators, Functions, Loops, Events, DOM Manipulation, Arrays, Objects), Browser Basics (DOM, BOM, DevTools), Version Control (Git Basics), Responsive Design, Debugging Basics, Basic Accessibility (ARIA), Local Storage, JSON Handling, Fetch API, Event Handling, Forms and Validation, File Handling Basics, CLI Basics, Package Management (npm), Browser Compatibility, Code Readability (ESLint), Introduction to Node.js, Introduction to Express","Learn React + Backend + Build Mini Projects","Portfolio Website (HTML/CSS/JS), Calculator App, To-Do App, Notes App (LocalStorage), Quiz App, Weather App (API Integration), Personal Blog UI, Image Gallery, Simple Form Validator, CLI-Based Task Tracker"
Full Stack Developer,Intermediate,"React Core (Components, Props, State, Lifecycle Methods, Hooks - useState/useEffect/useRef/useContext), Advanced Hooks (Custom Hooks), React Router (Routing, Nested Routes), State Management (Context API, Redux Toolkit), Form Handling (Formik/React Hook Form), Validation (Yup), API Integration (Axios/Fetch, Async/Await, Error Handling), Authentication & Authorization (JWT), Protected Routes, Local Storage & Session Storage, Component Reusability, Code Splitting, Lazy Loading, Environment Variables, Unit Testing (Jest, React Testing Library), Debugging with React DevTools, Responsive UI (CSS/Frameworks), Node.js (Advanced), Express.js (Routing, Middleware, Error Handling), REST APIs, CRUD Operations, Database Integration (MongoDB/MySQL), Mongoose ORM, Query Optimization, Password Hashing (bcrypt), Email Integration, File Uploads (Multer), Logging (Winston/Morgan), Pagination, Filtering, Sorting, Docker Basics, Deployment Basics (Render/Heroku)","Build Full Stack Applications + Portfolio Projects","E-commerce Website (React + Node + MongoDB), Blog System (Auth + CRUD + Comments), Task Management App (CRUD + Filters + Sorting), Chat App (Socket.io), Notes App with Database, Weather Dashboard with API Integration, Social Media Feed App, URL Shortener API, Expense Tracker App, Authentication System (JWT + Roles), Multi-page React App, Portfolio with Contact Form"
Full Stack Developer,Advanced,"System Design Basics, Microservices Architecture, Monolith vs Microservices, Service Decomposition, API Gateway Pattern, Service Communication (REST, gRPC), Event-Driven Architecture (Kafka, RabbitMQ), Asynchronous Processing, Load Balancing, Service Discovery, Circuit Breaker (Resilience Patterns), Advanced Backend Architecture (Node.js, Express), GraphQL API Design, Advanced Security (OAuth2, JWT, Encryption, XSS/CSRF), Performance Optimization (Caching, Query Tuning, Code Profiling), Database Scaling & Replication (SQL/NoSQL), CI/CD Pipelines (GitHub Actions, Jenkins), Docker Advanced, Docker Compose, Kubernetes Basics (Pods, Deployments, Services), Cloud Deployment (AWS EC2/S3, Firebase, GCP), Logging & Monitoring (ELK Stack, Prometheus, Grafana), Testing (Unit, Integration, E2E, Load Testing), Progressive Web Apps (PWA), WebSockets & Real-time Apps, Internationalization (i18n), Accessibility (WCAG/ARIA), Micro Frontends, Feature-based Architecture, Design Patterns, Clean Architecture, Code Optimization, Observability & Distributed Tracing, Disaster Recovery Strategies","Apply for Jobs + Build Production-Ready Scalable Applications","Microservices E-commerce System (API Gateway + Services), Real-time Chat Platform (WebSockets + Scaling), Multi-tenant SaaS Application, Event-driven Banking System, GraphQL Backend + React Frontend Project, Admin Analytics Dashboard, High-traffic Blog Platform, CI/CD + Docker + Cloud Deployment Project, Real-time Collaboration App (Docs/Tasks), URL Shortener with Analytics, PWA E-commerce App, Enterprise Dashboard with Monitoring & Alerts"

Cloud Engineer,Beginner,"Linux Basics (Commands, File System, Users & Permissions, Shell Scripting Basics), Networking Fundamentals (IP, DNS, HTTP, TCP/IP, Ports, Firewalls), Virtualization Concepts (VMware, VirtualBox, Hyper-V), Cloud Fundamentals (IaaS, PaaS, SaaS), Introduction to AWS, Compute Basics (EC2 Introduction), Storage Basics (S3), IAM Fundamentals (Users, Groups, Policies), Monitoring Basics, Security Basics, Version Control (Git), CLI Basics, Basic Troubleshooting, Environment Variables, Package Management (apt, yum), File Transfer (SCP, SFTP), Networking Commands (ping, traceroute, netstat)","Learn AWS Services + Setup Cloud Environment","Personal Website Hosting on EC2, Static Website on S3, Simple File Storage System, Linux VM Setup Project, Basic Cloud Monitoring Dashboard, CLI Automation Scripts, IAM User Management Lab, DNS Setup for Domain, Static Blog Hosting (S3 + CloudFront)"
Cloud Engineer,Intermediate,"AWS Core Services (EC2, S3, RDS, VPC, IAM, Lambda Basics), Docker (Containers, Images, Dockerfile, Compose), CI/CD Pipelines (GitHub Actions, Jenkins Basics), Infrastructure as Code (Terraform Basics, CloudFormation Intro), Monitoring & Logging (CloudWatch, Metrics, Alarms), Load Balancing (ELB, Target Groups), Auto Scaling Basics, Networking in Cloud (Subnets, Security Groups, Route Tables), Backups & Snapshots, Environment Variables & Secrets Management, Security Best Practices (IAM Policies, Roles), Basic Automation Scripts, Python for Cloud Automation, API Integration with AWS Services, Cost Management Basics, Elastic Beanstalk, S3 Versioning & Lifecycle Rules, Database Integration (RDS MySQL/PostgreSQL)","Build Cloud Projects + Deploy Applications","Deploy Web App on EC2 (Node/React), S3 + CloudFront Static Website, Dockerized Application Deployment, Auto-Scaling App with Load Balancer, CI/CD Pipeline for Full Stack App, Terraform Infrastructure for Test Environment, RDS + App Integration Project, Lambda Function Automation (Email Notification), Cloud Monitoring Dashboard (CloudWatch), Backup & Restore Demo Project"
Cloud Engineer,Advanced,"Kubernetes (Pods, Services, Deployments, ConfigMaps, Secrets, Helm Charts), Auto Scaling (HPA/VPA), High Availability Architecture (Multi-AZ, Load Balancers), Serverless Advanced (AWS Lambda, API Gateway, Step Functions), Advanced Networking (VPC Peering, NAT, VPN, Route 53 Advanced), Security (IAM Policies, Roles, KMS Encryption, Key Management), DevOps Practices (CI/CD Advanced, Blue-Green, Canary Deployment), Multi-Cloud Strategy (AWS + GCP + Azure), Disaster Recovery & Backup Strategies, Monitoring & Observability (Prometheus, Grafana, ELK Stack), Logging Best Practices, Cloud Cost Optimization, Container Orchestration (K8s Advanced), Infrastructure as Code Advanced (Terraform Modules, Terragrunt), Secrets Management (Vault, Parameter Store), API Security, Cloud Compliance (ISO, SOC2, GDPR), Cloud Native Application Design, Edge Computing Basics, Service Mesh (Istio/Linkerd), Load Testing & Performance Optimization, Cloud Automation Scripting, Advanced Storage Solutions (EBS, EFS, S3 Lifecycle & Glacier)","Apply for Cloud Engineer Roles + Build Scalable Production Systems","Kubernetes Multi-Service Deployment Project, Serverless Application with Lambda + API Gateway, High Availability Multi-AZ Web App, Multi-Cloud Deployment (AWS + GCP), Disaster Recovery Simulation, CI/CD Pipeline with Blue-Green Deployment, Real-Time Monitoring Dashboard (Prometheus + Grafana), Containerized Microservices App, Secure IAM Policy Implementation Project, Automated Cloud Infrastructure with Terraform + Modules, Edge Computing Prototype App, Cloud Cost Optimization Project, Advanced Logging & Observability System, Data Backup & Restore Automation, Cloud SaaS Multi-Tenant Application"

Cyber Security Analyst,Beginner,"Networking Basics (TCP/IP, OSI Model, Ports, Protocols, Subnetting), OS Concepts (Windows, Linux, File Systems, Processes, Users), Security Fundamentals (CIA Triad, Threats, Vulnerabilities, Risk Assessment), Cryptography Basics (Symmetric, Asymmetric, Hashing, SSL/TLS), Linux Basics (Commands, Permissions, Shell Scripting), Firewalls, VPN Basics, Security Policies, Password Security, Authentication Concepts, Network Scanning Basics, Packet Analysis Intro, Malware Types, Security Tools Overview, Incident Response Basics, Security Best Practices, Vulnerability Concepts, Backup & Recovery Fundamentals, Git Basics, Logging & Monitoring Basics","Learn Ethical Hacking + Security Fundamentals","Set up Home Lab (Virtual Machines), Packet Sniffing with Wireshark, Vulnerability Scanning with Nmap, Basic Linux Hardening Project, Password Strength Testing, Simple Encryption/Decryption Project, Firewall Configuration Demo, Secure File Storage Practice, Network Mapping Lab, Personal Security Audit Checklist"
Cyber Security Analyst,Intermediate,"Penetration Testing (PT Methodology, Reconnaissance, Scanning, Exploitation, Reporting), Vulnerability Assessment (Web Apps, Network Devices, Systems), Security Tools (Nmap, Burp Suite, OWASP ZAP, Nikto), Web Security (SQL Injection, XSS, CSRF, Security Headers, OWASP Top 10), SIEM Tools (Splunk, ELK), Incident Response & Forensics Basics, Log Analysis, Threat Modeling, Network Security Monitoring, Malware Analysis Basics, Authentication & Authorization Testing, Secure Coding Practices, Risk Management, VPN & Proxy Configurations, Exploit Development Basics, Scripting for Security (Python, Bash), Social Engineering Awareness, Security Patch Management, Endpoint Security, Email Security, Advanced Linux Hardening, Cloud Security Basics, API Security","Build Security Projects + Real-World Testing","Web App Penetration Test (OWASP Labs), Vulnerability Assessment Report, Phishing Simulation Lab, Log Analysis Project (SIEM), Password Cracking Practice (Hashcat), Secure REST API Testing, Network Scanning & Exploitation Lab, Malware Analysis (Safe Lab Environment), Cloud Security Hardening Project, Capture The Flag (CTF) Challenges, Endpoint Security Audit, Security Automation Scripts, Wi-Fi Penetration Testing Lab, Secure Configuration Project"
Cyber Security Analyst,Advanced,"Advanced Threat Analysis (APT, Threat Hunting, Indicators of Compromise), Cloud Security (AWS, Azure, GCP Security, IAM Policies, KMS, Cloud Logging), Malware Analysis & Reverse Engineering (PE Analysis, Sandbox Testing), Digital Forensics (Disk Imaging, Memory Forensics, File Recovery), Zero Trust Architecture (Identity, Microsegmentation, Least Privilege), Security Automation (SIEM Automation, Security Orchestration), Incident Response Planning, Security Compliance (ISO 27001, SOC2, GDPR, NIST), Penetration Testing Advanced (Red Teaming, Advanced Exploits), API Security Testing, Advanced Network Security (IDS/IPS, Firewalls, VPNs), Threat Intelligence Analysis, Advanced Cryptography (PKI, Certificates, HSMs), Cybersecurity Architecture Review, Disaster Recovery Planning, Risk Management Frameworks, Continuous Security Monitoring, SOC Operations, Cloud Native Security, Security Metrics & Reporting, Security Awareness Training Programs","Apply for Cyber Security Roles + Enterprise-Level Security Projects","Red Teaming Simulation Project, Advanced Threat Hunting Lab, Cloud Security Architecture Project, Malware Reverse Engineering Lab, Digital Forensics Case Study, Zero Trust Deployment Simulation, Security Automation Pipeline Project, Enterprise Compliance Audit (ISO/GDPR), Threat Intelligence Dashboard, SOC Lab Setup & Monitoring, Advanced Penetration Testing Lab, Secure API & Microservices Project, Disaster Recovery Drill, Multi-Layered Security Architecture Implementation, Incident Response Simulation"

MBA Finance,Beginner,"Accounting Basics (Debits/Credits, Journals, Ledgers), Financial Statements (P&L, Balance Sheet, Cash Flow), Excel Basics (Formulas, Functions, Charts), Ratio Analysis (Liquidity, Profitability, Efficiency, Solvency), Business Finance Fundamentals, Cost Concepts, Budgeting Basics, Time Value of Money, Interest Calculations, Financial Terminology, Basic Forecasting, Introduction to Financial Software (Tally/ERP), Data Handling in Excel, Scenario Analysis, Break-even Analysis, Excel Shortcuts, Pivot Tables, Conditional Formatting, Data Visualization, Basic Accounting Software Usage, Financial Record Keeping","Learn Financial Modeling + Excel Skills","Personal Budget Tracker, Simple P&L and Balance Sheet Preparation, Break-even Analysis Project, Ratio Analysis Dashboard (Excel), Loan Interest Calculator, Small Business Cash Flow Simulation, Expense Tracking System, Mini Financial Statement Analysis, Basic Investment Tracker, Revenue vs Expense Visualization"
MBA Finance,Intermediate,"Financial Modeling (Excel-based, Scenario & Sensitivity Analysis), Valuation Techniques (DCF, Comparable Companies, Precedent Transactions), Risk Analysis & Management (Market Risk, Credit Risk, Operational Risk), Corporate Finance (Capital Structure, Cost of Capital, Dividend Policy), Budgeting & Forecasting (Top-down & Bottom-up), Advanced Excel (Macros, VBA, Solver, What-if Analysis), Financial Reporting Standards, Portfolio Concepts, Capital Budgeting (NPV, IRR, Payback Period), Debt & Equity Financing, Financial Ratios Advanced, Business Case Analysis, M&A Basics, Excel Dashboard Automation, KPI Analysis, Financial Statement Forecasting, Variance Analysis, Sensitivity & Scenario Analysis, Investment Appraisal, Reporting Techniques, Scenario Modeling, Data Validation & Cleaning, Excel Charts & Graphs Advanced","Build Finance Projects + Case Studies","DCF Valuation of Company, Corporate Budget Forecast Model, Risk Analysis Dashboard, Portfolio Performance Tracker, Investment Feasibility Project, M&A Case Study Analysis, Loan Portfolio Simulation, Capital Budgeting Project (NPV & IRR), Advanced Financial Dashboard, Business Plan Financial Projection, Sensitivity Analysis of Revenues & Costs, Expense vs Revenue Forecast Dashboard, Forecasting Sales Model"
MBA Finance,Advanced,"Investment Banking (Equity, Debt, IPOs, Bonds), Portfolio Management (Asset Allocation, Risk-adjusted Returns, Diversification, Modern Portfolio Theory), Derivatives (Options, Futures, Swaps, Hedging Techniques), Mergers & Acquisitions (Deal Structuring, Valuation, Due Diligence), Financial Strategy & Planning, Market Analysis (Equity, Debt, Forex, Commodities), Corporate Governance, Advanced Risk Management, Alternative Investments (Private Equity, Hedge Funds, Real Estate), Structured Finance, Regulatory Compliance, Financial Engineering, Capital Markets Operations, Strategic Financial Decision-making, Advanced Excel & VBA for Modeling, Scenario & Monte Carlo Simulation, Business Valuation Techniques, Investment Research & Analysis, Financial Statement Analysis Advanced, Asset Management Strategies, Financial Planning & Forecasting, Investor Reporting, Portfolio Optimization, Stress Testing & Risk Simulation, Tax Planning & Regulatory Impact, Global Financial Markets & Instruments","Apply for Finance Roles + Enterprise Projects + Portfolio Building","IPO Valuation Project, Portfolio Optimization Simulation, M&A Deal Modeling, Derivatives Trading Simulation, Investment Research & Analysis Dashboard, Corporate Financial Strategy Case Study, Hedge Fund Portfolio Management Project, Structured Finance Modeling, Advanced Risk Assessment Project, Multi-Asset Investment Dashboard, Capital Markets Simulation, Tax & Regulatory Impact Simulation, Stress Test & Scenario Modeling, Global Market Analysis Report, Financial Strategy for Enterprise Project"

MBA Marketing,Beginner,"Marketing Fundamentals (4Ps, Marketing Mix, Segmentation, Targeting, Positioning), Consumer Behavior (Psychology, Buying Patterns, Decision Making), Branding Basics (Brand Identity, Brand Equity, Logo & Visual Elements), Communication Skills (Written, Verbal, Presentation), Market Research (Primary & Secondary Research, Surveys, Questionnaires), Marketing Channels Overview, Advertising Basics, Sales Fundamentals, Customer Journey Basics, SWOT Analysis, Competitor Analysis, Market Trends, Product Lifecycle, Pricing Basics, Promotional Strategies, Digital Marketing Introduction, Social Media Basics, Email Marketing Intro, Customer Feedback Analysis, Content Basics, Campaign Planning, CRM Fundamentals","Learn Digital Marketing + Fundamentals","Personal Branding Project, Social Media Campaign for Local Business, Market Research Survey Project, SWOT Analysis for a Product/Service, Branding Mockup (Logo, Colors, Identity), Simple Email Marketing Campaign, Content Plan for Blog/Social Media, Competitor Analysis Report, Customer Persona Creation, Product Launch Simulation"
MBA Marketing,Intermediate,"SEO (On-Page, Off-Page, Technical SEO, Keyword Research), SEM (Google Ads, Paid Search, PPC Campaigns), Social Media Marketing (Facebook, Instagram, LinkedIn, Twitter, Content Scheduling, Ads), Content Marketing (Blog Posts, Video, Infographics, Storytelling), Email Marketing (Automation, Segmentation, Campaign Design), Google Analytics (Tracking, Goals, Conversions, Reports), Campaign Management (Planning, Execution, Monitoring), A/B Testing, Customer Journey Mapping, Marketing Funnel Optimization, Paid Media Strategy, Analytics Reporting, Brand Voice Development, Influencer Marketing Basics, Copywriting for Conversions, Retargeting Campaigns, Landing Page Optimization, CRM Advanced, Engagement Metrics, Marketing Automation Tools (HubSpot, Mailchimp, Zapier), UX Basics for Marketing, Customer Feedback & Surveys, Competitor Benchmarking","Run Campaigns + Build Marketing Portfolio","SEO Optimized Website Project, Google Ads Campaign Simulation, Social Media Campaign for a Brand (Organic + Paid), Email Automation Campaign (Newsletter + Promotion), Blog & Content Strategy Project, Customer Journey Mapping Exercise, A/B Testing Campaign (Landing Page/Email), Influencer Marketing Campaign Simulation, Analytics Dashboard (Google Analytics + Reports), Marketing Funnel Optimization Project, Retargeting Campaign Mockup, Engagement Tracking Dashboard, Competitor Benchmark Analysis"
MBA Marketing,Advanced,"Brand Strategy (Positioning, Differentiation, Brand Equity Management), Growth Marketing (Acquisition, Retention, Virality, Funnel Optimization), Performance Marketing (ROI, ROAS, KPIs, Budget Allocation), Marketing Analytics (Predictive Analytics, Customer Segmentation, LTV Analysis), Customer Retention Strategies (Loyalty Programs, CRM, Churn Prediction), Product Marketing (Go-to-Market Strategy, Messaging, Launches), Omnichannel Marketing Strategy, Advanced Digital Campaign Management, Conversion Rate Optimization (CRO), Paid Media Scaling (Ad Spend Optimization), Marketing Automation (Advanced Workflows, AI Tools), Advanced SEO/SEM Strategy, Data-Driven Decision Making, Personalization & Targeting, Influencer & Partnership Strategy, Brand Reputation Management, Advanced Content Strategy, Integrated Marketing Campaigns, Pricing & Revenue Strategy, Stakeholder Communication, Market Expansion Strategies, Marketing Operations, KPI Reporting & Dashboards, Strategic Planning, Budget Forecasting, Global Marketing Practices","Apply for Marketing Roles + Build Enterprise-Level Marketing Projects","Brand Launch Case Study (Full Strategy), Growth Marketing Experiment (Acquisition + Retention), Performance Marketing Campaign with ROI Analysis, Marketing Analytics Dashboard (Predictive + Segmentation), Customer Retention Program Simulation, Product Marketing Launch Project, Omnichannel Campaign Project, Conversion Rate Optimization Case Study, Paid Media Scaling Simulation, Marketing Automation Workflow Project, Advanced SEO/SEM Strategy Implementation, Influencer Partnership Campaign, Integrated Marketing Campaign Project, Market Expansion Strategy Simulation, KPI Reporting Dashboard Project"

Business Analyst,Beginner,"Excel Basics (Formulas, Functions, Pivot Tables, Charts), Communication Skills (Written, Verbal, Presentation), SQL Basics (SELECT, WHERE, JOIN, GROUP BY), Business Understanding (Industry Concepts, Business Processes, KPIs), Requirement Basics (Functional & Non-Functional Requirements, Stakeholder Interviews), Documentation Basics (Notes, Reports, Templates), Data Cleaning & Formatting, Introduction to Dashboards, Process Mapping Basics, Flowcharts, Basic Data Interpretation, Metrics & KPIs Overview, Version Control (Git Basics), Introduction to Business Tools (Jira, Trello, Confluence), Time Management, Problem-Solving Techniques, Data Types & Structures, Stakeholder Identification, Basic Reporting, Introduction to Agile & Scrum Concepts","Learn Data Analysis + Build Foundational Skills","Sales Data Analysis Project, Customer Feedback Analysis, Simple Dashboard in Excel, SQL Query Practice Project, Business Process Mapping Exercise, KPI Tracking Dashboard, Requirement Gathering Mini-Project, Flowchart of Business Process, Inventory Analysis Project, Expense Tracking & Reporting, Basic Stakeholder Communication Report, Mini Case Study Analysis"
Business Analyst,Intermediate,"SQL Advanced (Joins, Subqueries, Window Functions, CTEs, Aggregations), Data Visualization (Tableau, Power BI, Matplotlib, Seaborn), Requirement Gathering Techniques (Interviews, Workshops, Surveys), BRD & FRD Preparation, Stakeholder Communication & Management, Agile Basics (Scrum Ceremonies, User Stories, Backlog Management), Data Cleaning & Preprocessing, KPI & Metric Analysis, Business Process Analysis, Gap Analysis, Use Case Modeling, Wireframing Basics, Dashboard Design Principles, ETL Concepts, Predictive Analytics Intro, Process Documentation Standards, Reporting Automation, SQL Performance Optimization, Scenario Analysis, Risk & Issue Tracking, Collaboration Tools (Jira, Confluence, Trello), Change Management Basics, User Acceptance Testing (UAT) Basics","Build Case Studies + Analytical Dashboards","Customer Segmentation Analysis Project, Sales Forecasting Dashboard, Business Process Optimization Case Study, Interactive Tableau Dashboard (KPIs & Metrics), SQL Complex Query Project, Agile Backlog Management Simulation, Requirements Documentation Project (BRD/FRD), Marketing Campaign Analysis, Employee Productivity Analysis, UAT Test Case Documentation, Risk Assessment & Reporting Project, Operational Data Analysis, Stakeholder Report Preparation, Inventory & Supply Chain Dashboard, Process Improvement Recommendations Project"
Business Analyst,Advanced,"Stakeholder Management (Influence, Communication, Negotiation), Business Strategy (Market Analysis, Competitive Intelligence, Strategic Planning), Process Optimization (Lean, Six Sigma, Workflow Automation), Agile & Scrum Mastery (Advanced Scrum, Scaling Agile, Kanban Boards), Data-Driven Decision Making (Predictive Analytics, Statistical Analysis, ROI Calculations), Advanced KPI Analysis & Reporting, Business Modeling (Financial, Operational), Enterprise System Analysis, Risk Management & Mitigation Strategies, Change Management (Strategy & Implementation), Advanced Dashboard Design (Interactive, Drill-down), Data Governance & Compliance, Strategic Planning & Roadmapping, Business Case Development, Leadership & Collaboration, Vendor & Client Management, Advanced Requirement Elicitation & Prioritization, Business Performance Monitoring, Data Quality & Validation, Scenario & Sensitivity Analysis, Decision Trees & Predictive Models, System Design Review, Enterprise-level Stakeholder Communication, Continuous Improvement Methodologies","Apply for BA Roles + Enterprise-Level Projects","Enterprise Business Process Optimization Project, Strategic Market Analysis & Report, Predictive Sales & Revenue Forecasting Model, KPI & Dashboard Automation Project, Risk & Issue Management Simulation, Advanced Stakeholder Communication Case Study, Lean/Six Sigma Process Improvement Project, Business Case Development Project, Data-Driven Decision-Making Simulation, Supply Chain Optimization Case Study, Advanced Data Visualization Project (Power BI/Tableau), System Integration & Analysis Project, Change Management Implementation Plan, Enterprise Reporting & KPI Automation, Strategic Roadmap Planning Project"

Product Manager,Beginner,"Product Fundamentals (Lifecycle, Roadmap, MVP Concept, Business Goals), Market Research (Customer Interviews, Surveys, Competitive Analysis), Communication Skills (Written, Verbal, Presentation), Problem Solving Techniques, User Understanding (Persona Creation, Journey Mapping), Basic UX/UI Concepts, Stakeholder Understanding, Prioritization Methods, Business Model Canvas, Basic Metrics (Adoption, Retention), Requirements Gathering Basics, Product Documentation, Basic Wireframing, Intro to Agile & Scrum, Feature Scoping, Idea Validation Techniques, Presentation Skills, Time Management, Data Interpretation, Tools Intro (Trello, Jira, Notion)","Learn Agile + Product Fundamentals","Customer Persona Creation Project, MVP Wireframe for App, Competitor Analysis Report, Product Feature Prioritization Exercise, Market Research Survey Project, Product Roadmap Draft, Basic A/B Test Simulation, Feature Requirement Document, Product Pitch Deck, Business Model Canvas Exercise"
Product Manager,Intermediate,"Agile/Scrum (Scrum Ceremonies, Backlog Grooming, Sprint Planning, Standups), Roadmapping (Long-term & Short-term Planning, Milestones), User Stories & Epics, Wireframing & Prototyping (Figma, Balsamiq), Product Metrics (KPIs, OKRs, Metrics Tracking), A/B Testing & Experimentation, Stakeholder Management, Product Lifecycle Management, Feature Validation, Product Backlog Management, Release Planning, Agile Reporting, Business Case Analysis, Prioritization Frameworks (RICE, MoSCoW), Risk Analysis, Product Documentation Advanced, Product Feedback Loops, Customer Journey Optimization, Feature Adoption Tracking, Collaboration Tools (Jira, Confluence), Analytics for PM, Product Strategy Basics","Build Product Case Studies + Real-World Product Management","Feature Prioritization Simulation, End-to-End Product Roadmap Project, A/B Testing Case Study, User Story Mapping Project, MVP Prototype in Figma, Product Metrics Dashboard, Stakeholder Communication Simulation, Release Planning Exercise, Product Launch Case Study, Feature Adoption Tracking Project, Customer Feedback Analysis, Agile Sprint Simulation, Product Backlog Management Project"
Product Manager,Advanced,"Product Strategy (Vision, Roadmap Alignment, Portfolio Strategy), Growth Strategies (Acquisition, Retention, Monetization, Virality), Leadership & Team Management (Stakeholders, Cross-functional Teams), Monetization & Pricing Models, Stakeholder Management (Executive Reporting, Investor Communication), Data-Driven Decision Making (Advanced Analytics, Predictive Insights), Scaling Products (Global Rollouts, Multi-Platform Strategy), Advanced Metrics (LTV, CAC, Churn, NPS), Product Innovation Techniques, Strategic Roadmapping, Market Expansion Strategy, Product Launch & Go-to-Market (GTM), Competitive Intelligence, Risk & Compliance, Strategic Prioritization Frameworks, KPI Dashboards, Product Marketing Alignment, Advanced Prototyping & User Testing, Growth Experimentation, Strategic Case Studies, Portfolio Optimization, Agile Scaling (SAFe, LeSS), Advanced Tools (Mixpanel, Amplitude, Jira Advanced)","Apply for Product Manager Roles + Enterprise-Level Product Projects","Enterprise Product Launch Strategy Project, Growth Experimentation Case Study, Data-Driven Product Decision Project, Multi-Platform Product Scaling Simulation, Advanced Product Roadmap & Portfolio Planning, Monetization Strategy Implementation, KPI & Analytics Dashboard Project, Go-to-Market (GTM) Strategy Project, User Testing & Prototype Optimization Project, Competitive Intelligence Report, Cross-Functional Team Leadership Case Study, Product Innovation Simulation, Market Expansion Strategy Project"

Graphic Designer,Beginner,"Design Fundamentals (Principles, Elements), Color Theory (Harmony, Psychology, Palettes), Typography Basics, Layout & Composition, Canva Basics, Adobe Photoshop Intro, Adobe Illustrator Intro, Image Editing Basics, Branding Basics (Logos, Identity), Visual Hierarchy, Creativity & Ideation, Basic UI Design Concepts, Mood Boards, Wireframing Basics, Graphic Design Tools Overview, Basic Print & Digital Design, Presentation Design, Portfolio Introduction, Time Management for Designers, File Formats & Resolution, Design Process Intro, Basic Photo Manipulation, Iconography Basics","Practice Designs + Learn Advanced Tools","Logo Design Mockup, Social Media Post Design, Flyer/Brochure Layout, Simple Branding Kit, Basic Infographic Project, Mood Board Creation, Personal Portfolio Website Design, Photo Editing Project, Poster Design Project, Presentation Template Design"
Graphic Designer,Intermediate,"Adobe Photoshop Advanced (Layers, Masks, Retouching, Filters), Illustrator Advanced (Vector Design, Pen Tool, Advanced Typography), UI/UX Basics (User Flow, Wireframes, Prototyping), Figma (Components, Prototyping, Collaboration), Logo & Branding Design, Social Media Creatives (Posts, Ads, Campaigns), Banner & Poster Design, Branding Identity Development, Wireframing & Prototyping, Design Systems & Guidelines, Motion Graphics Basics, Color Grading for Graphics, Typography Advanced, Portfolio Development, Collaboration Tools (Slack, Trello), User-Centered Design, Iconography & Illustration, Advanced Photo Manipulation, Creative Brief Interpretation, UX/UI Testing Basics, Storyboarding for Graphics, Marketing Collateral Design, Print Design Best Practices","Build Portfolio + Freelance Projects","Branding Case Study (Logo + Identity), Social Media Campaign Design, Marketing Banner & Poster Design, UI/UX Wireframe Project, Figma Prototype Project, Motion Graphics Intro Project, Illustrator Vector Art Project, Portfolio Website Project, Client Mock Project (Flyer/Infographic), Campaign Visual Asset Pack, Icon Set Design, Storyboard Design Project, Creative Brief Simulation Project"
Graphic Designer,Advanced,"UI/UX Design Advanced (Interaction Design, Information Architecture, Usability Testing), Figma Advanced (Variants, Auto Layout, Components, Prototyping), Design Systems (Enterprise Design Systems, Style Guides), User Research (Interviews, Surveys, Testing), Interaction & Motion Design, Motion Graphics Advanced (After Effects), 3D Design Basics (Blender/3DS Max), Branding Strategy & Management, Product Design & Experience, Usability Testing & Analytics, Design Thinking & Ideation, Portfolio Optimization & Case Studies, Visual Storytelling, Advanced Typography & Layouts, Animation Principles, Visual Effects Integration, Client Project Management, Cross-Platform Design (Web, Mobile), Accessibility (WCAG, ARIA), Advanced Illustration & Concept Art, Collaboration & Team Workflow (Agile/Design Sprints)","Apply for Designer Roles + Freelance/Agency Work + Enterprise Projects","Enterprise UI/UX Redesign Project, Motion Graphics Branding Video, Product Design Case Study, 3D Design & Animation Project, Usability Testing & Analytics Project, Advanced Branding Campaign Project, Interactive Figma Prototype Project, Client Portfolio Project, Enterprise Design System Implementation, Cross-Platform Design Project, Design Thinking Workshop Simulation, Accessibility Compliance Project, Visual Storytelling Video Project, Team Collaboration Design Sprint Project, Advanced Motion Graphics Reel"

Digital Marketing,Beginner,"Marketing Fundamentals (4Ps, Branding, Product Positioning), SEO Basics (On-page, Keywords, Meta Tags), Social Media Basics (Platforms, Engagement), Content Creation (Blogs, Graphics, Videos), Copywriting Basics (Ads, Posts), Branding & Identity, Canva Basics, Basic Analytics (Website, Social Media), Communication Skills, Email Marketing Intro, Marketing Channels Overview, Marketing Tools Basics, Customer Persona Basics, Campaign Planning, Social Media Scheduling, Content Calendar Basics, Customer Journey Intro, Competitor Analysis Intro, Marketing Metrics Basics, Intro to Paid Ads, Creative Writing Basics, Basic Marketing Reporting, Basic CRM Tools, Marketing Research Intro, Marketing Presentation Skills","Learn Advanced Digital Marketing + Content Creation","Social Media Post Campaign, Blog Writing Project, Basic SEO Optimization Project, Email Campaign Mockup, Branding Kit Project, Content Calendar Creation, Website Meta Tag Optimization, Basic Analytics Report, Canva Marketing Visuals, Personal Branding Project, Customer Persona Project, Marketing Competitor Report, Intro Paid Ads Campaign, Marketing Presentation Project, Small Campaign Planning Exercise"
Digital Marketing,Intermediate,"SEO Advanced (Technical SEO, Backlinks, Keyword Research, Site Audit), SEM (Google Ads, PPC Campaigns, Bidding Strategies), Social Media Marketing (Platform Strategies, Content Scheduling, Paid Campaigns), Content Marketing (Blogs, Videos, Infographics, Storytelling), Email Marketing (Segmentation, Automation, Campaigns), Google Analytics (Tracking, Goals, Conversions, Reports), Campaign Management (Planning, Execution, Optimization), A/B Testing & Conversion Optimization, Customer Journey Mapping, Marketing Funnel Optimization, Paid Media Strategy, Analytics Reporting, Influencer Marketing Basics, Copywriting for Conversions, Retargeting Campaigns, Landing Page Optimization, CRM Advanced, Engagement Metrics, UX Basics for Marketing, Marketing Automation Tools (HubSpot, Mailchimp), Competitor Benchmarking, Scenario Analysis, Social Listening, Content Repurposing, KPI Reporting","Run Campaigns + Build Case Studies","SEO Optimized Website Project, Google Ads Campaign Simulation, Social Media Campaign Project (Organic + Paid), Email Automation Campaign, Blog & Content Strategy Project, Landing Page Optimization Project, A/B Testing Campaign, Influencer Marketing Campaign Simulation, Analytics Dashboard Project, Retargeting Campaign Project, Marketing Funnel Optimization Exercise, Competitor Benchmark Analysis Project, Paid Media Campaign Project, Engagement Tracking Dashboard, Social Listening Report"
Digital Marketing,Advanced,"Performance Marketing (ROI, ROAS, Attribution), Growth Marketing (Acquisition, Retention, Virality, Funnel Optimization), Marketing Analytics (Predictive Analytics, Customer Segmentation, LTV Analysis), Conversion Rate Optimization (CRO), Funnel Building, Automation Tools & AI Tools, Affiliate Marketing, Influencer Marketing Advanced, Brand Strategy & Management, Data-Driven Marketing, ROI Optimization, Advanced SEO/SEM Strategy, Advanced Paid Media Scaling, Personalization & Targeting, Omnichannel Marketing Strategy, Product Marketing Integration, Campaign Planning & Execution, Marketing Tech Stack, Advanced Analytics Dashboards, KPI Tracking, Stakeholder Communication, Marketing Operations, Global Marketing Practices, Growth Experimentation, Strategic Marketing Projects, Customer Retention Programs","Apply for Digital Marketing Roles + Lead Campaigns + Enterprise Projects","Performance Marketing Campaign Project, Growth Experimentation Case Study, ROI & Attribution Dashboard, Marketing Analytics Dashboard (Predictive & Segmentation), Conversion Rate Optimization Project, Affiliate & Influencer Marketing Project, Advanced Paid Media Campaign Project, Omnichannel Marketing Strategy Project, Brand Strategy Case Study, Customer Retention Program Project, Campaign Automation Project, Marketing Funnel Optimization Project, Global Marketing Strategy Simulation, Strategic Product Marketing Launch, KPI & Analytics Reporting Project"

Video Editor,Beginner,"Video Editing Basics (Timeline, Cutting, Trimming), Transitions & Effects Basics, Audio Sync, Resolution & Formats, Frame Rates & Aspect Ratios, Color Basics, Storytelling Basics, Shot Composition, Intro to Premiere Pro/DaVinci Resolve, Export Settings & Formats, Video File Management, Basic Motion Effects, Intro to Titles & Captions, Audio Editing Basics, Basic Color Correction, Video Organization, Storyboarding Basics, Scene Sequencing, Video Project Planning, Rendering Basics, File Compression, Intro to Stock Footage & Assets, Basic Visual Effects, Camera Angles & Shots, Video Project Documentation, Timeline Management","Practice with Small Videos + Learn Advanced Tools","Short Video Editing Project (Reels/Shorts), Storyboarding Project, Basic YouTube Video Edit, Family/Personal Event Video, Short Clip Transitions Practice, Color Correction Exercise, Audio Sync Practice, Simple Motion Effects Project, Captioning & Titles Practice, Basic Tutorial Video Project, Timeline Management Practice, Basic VFX Demo, Video Rendering Exercise, Stock Footage Editing Project, Scene Sequencing Project"
Video Editor,Intermediate,"Adobe Premiere Pro Advanced (Layers, Keyframes, Color Correction, Audio Editing), DaVinci Resolve Advanced (Color Grading, Effects), Final Cut Basics, Motion Graphics Basics, Green Screen & Chroma Key, Sound Design & Mixing, Transitions & Effects Advanced, YouTube Editing Style (Shorts, Reels, Tutorials), Short-form Content Editing (Reels, Shorts), Video Optimization (Compression, Formats), Rendering Techniques & Export Presets, Video Storytelling, Multi-Camera Editing, Graphics & Overlays, Audio Effects, Basic VFX Integration, Workflow Management, Video Asset Organization, Collaboration Tools (Frame.io, Trello), Motion Tracking Basics, Audio Synchronization, Video Review & Feedback, Intro to After Effects, Branding Videos Project, Basic Animation Integration, Video Color Grading","Build Portfolio + Start Freelancing","YouTube Tutorial Video Project, Short-form Reels/Shorts Project, Multi-Camera Edit Project, Green Screen Project, Motion Graphics Intro Project, Branding Video Project, Social Media Video Campaign Project, Video Storytelling Project, Audio Mixing Project, Color Grading Project, Effects & Transitions Project, Basic VFX Project, Video Optimization & Export Project, Animation Integration Project, Client Mock Project"
Video Editor,Advanced,"Advanced Color Grading (DaVinci Resolve), Cinematic Editing & Storytelling Techniques, Motion Graphics (After Effects Advanced), VFX Basics & Integration (3D Elements), Advanced Transitions, Sound Mixing & Mastering, LUT Creation & Color Profiles, Branding & Commercial Videos, Film Editing Workflow, Client Project Handling, High-End Rendering & Export, Content Strategy for YouTube/Ads, Advanced Audio Editing & Effects, Advanced Visual Effects Integration, 3D Video Elements, Multi-Camera Cinematic Projects, Portfolio Optimization & Case Studies, Interactive & Immersive Video Projects, Collaborative Video Production, Script to Screen Workflow, Advanced Animation Integration, Marketing Video Production, Social Media Video Strategy, Storyboarding for Enterprise, Video SEO Optimization, Advanced Workflow Automation","Work with Clients + Build Brand + Apply for Jobs + Enterprise Projects","Cinematic Short Film Project, Advanced Motion Graphics Video, VFX Integration Project, 3D Animation Video, Branding & Commercial Video Project, High-End YouTube Video Project, Multi-Camera Film Edit, Portfolio Reel Project, Interactive/Immersive Video Project, Client Project Simulation, Marketing Video Campaign Project, Social Media Video Strategy Project, Advanced Audio Mastering Project, Enterprise Storyboarding Project, Script-to-Screen Production Project"